Age,MSY,MSYlow
0,0,NA
1,2.655923144,NA
2,13.105767868,NA
3,37.917913329,NA
4,105.61522183,NA
5,316.6459219,NA
6,138.99657304,NA
7,516.6398126,NA
8,91.35521522,NA
9,297.2076435,NA
10,106.5210979,NA
11,20.289981562,NA
12,29.644106601,NA
13,4.341938973,NA
14,13.629550563,NA
15,9.470318578,NA
16,28.61685332,NA
