"Demersal Trawl", "Gill Nets","Hooks and Lines", Seines
0.14242948,0.014768751,0.008276027,0.027962496
